Workbook

Sheet Conciliacion Macro
A1: Fecha | B1: Referencia | C1: Descripcion | D1: Monto S/ | E1: Estado | F1: Diferencia
A2: 26/11/2025 | B2: REF-0001 | C2: Pago proveedor | D2: 44926.25 | E2: CONCILIADO | F2: =SI.ERROR(D2-BUSCARX(B2,'Extracto Bancario'!B:B,'Extracto Bancario'!C:C),D2)
A3: 16/03/2025 | B3: REF-0002 | C3: Deposito bancario | D3: 16587.77 | E3: PENDIENTE | F3: =SI.ERROR(D3-BUSCARX(B3,'Extracto Bancario'!B:B,'Extracto Bancario'!C:C),D3)
A4: 21/04/2025 | B4: REF-0003 | C4: Cobranza cliente | D4: 13964.61 | E4: PENDIENTE | F4: =SI.ERROR(D4-BUSCARX(B4,'Extracto Bancario'!B:B,'Extracto Bancario'!C:C),D4)
A5: 23/05/2025 | B5: REF-0004 | C5: Venta contado | D5: 44144.67 | E5: PENDIENTE | F5: =SI.ERROR(D5-BUSCARX(B5,'Extracto Bancario'!B:B,'Extracto Bancario'!C:C),D5)
A6: 27/11/2025 | B6: REF-0005 | C6: Venta contado | D6: 4668.26 | E6: PENDIENTE | F6: =SI.ERROR(D6-BUSCARX(B6,'Extracto Bancario'!B:B,'Extracto Bancario'!C:C),D6)
A7: 07/11/2025 | B7: REF-0006 | C7: Pago servicios | D7: 11212.16 | E7: CONCILIADO | F7: =SI.ERROR(D7-BUSCARX(B7,'Extracto Bancario'!B:B,'Extracto Bancario'!C:C),D7)
A8: 06/02/2025 | B8: REF-0007 | C8: Pago servicios | D8: 44294.16 | E8: CONCILIADO | F8: =SI.ERROR(D8-BUSCARX(B8,'Extracto Bancario'!B:B,'Extracto Bancario'!C:C),D8)
A9: 23/12/2025 | B9: REF-0008 | C9: Compra materiales | D9: 7355.59 | E9: CONCILIADO | F9: =SI.ERROR(D9-BUSCARX(B9,'Extracto Bancario'!B:B,'Extracto Bancario'!C:C),D9)
A10: 15/01/2025 | B10: REF-0009 | C10: Deposito bancario | D10: 3698.34 | E10: PENDIENTE | F10: =SI.ERROR(D10-BUSCARX(B10,'Extracto Bancario'!B:B,'Extracto Bancario'!C:C),D10)
A11: 24/11/2025 | B11: REF-0010 | C11: Cobranza cliente | D11: 20796.34 | E11: CONCILIADO | F11: =SI.ERROR(D11-BUSCARX(B11,'Extracto Bancario'!B:B,'Extracto Bancario'!C:C),D11)
A12: 28/09/2025 | B12: REF-0011 | C12: Compra materiales | D12: 3071.11 | E12: PENDIENTE | F12: =SI.ERROR(D12-BUSCARX(B12,'Extracto Bancario'!B:B,'Extracto Bancario'!C:C),D12)
A13: 15/02/2025 | B13: REF-0012 | C13: Venta contado | D13: 45768.7 | E13: PENDIENTE | F13: =SI.ERROR(D13-BUSCARX(B13,'Extracto Bancario'!B:B,'Extracto Bancario'!C:C),D13)
... A51: 23/08/2025 | B51: REF-0050 | C51: Venta contado | D51: 45734.59 | E51: PENDIENTE | F51: =SI.ERROR(D51-BUSCARX(B51,'Extracto Bancario'!B:B,'Extracto Bancario'!C:C),D51)

Sheet Extracto Bancario
A1: Referencia | B1: Monto
A2: REF-0031 | B2: 16384.13
A3: REF-0013 | B3: 47128.51
A4: REF-0039 | B4: 25038.7
A5: REF-0012 | B5: 1270.76
A6: REF-0009 | B6: 11667.05
A7: REF-0041 | B7: 19525.68
A8: REF-0006 | B8: 49760.61
A9: REF-0003 | B9: 3347.48
A10: REF-0037 | B10: 35025.26
A11: REF-0015 | B11: 10763.55
A12: REF-0024 | B12: 14815.77
A13: REF-0016 | B13: 15341.73
... A46: REF-0043 | B46: 37114.05
